Epoch,Training Loss,Validation Loss
1,0.01403923612087965,0.0077698868699371815
2,0.004175901412963867,0.0030072450172156096
3,0.002888125367462635,0.0026618479751050472
3,,0.0026618479751050472
