Epoch,Training Loss,Validation Loss
1,0.010398351587355137,0.00409592455253005
2,0.002891040872782469,0.0027348585426807404
3,0.0021720458753407,0.0021691787987947464
3,,0.0021691787987947464
