Epoch,Training Loss,Validation Loss
1,0.014967001974582672,0.010484355501830578
2,0.00584359560161829,0.003460721345618367
3,0.003655961249023676,0.0028179583605378866
3,,0.0028179583605378866
